Rank|Name|Yr|Pos|G|Att|Comp|Pct|Yards|Yards/Att|Td|Int|Rating|Att/G|Yards/G|TeamID|Year
1.0|Arion Worthman|JR|QB|7|72|36|50.0|766|10.6|8|2|170.48|10.3|109.4|721|2017
2.0|Tyler Williams|SR|WR|4|1|1|100.0|31|31.0|0|0|360.4|0.3|7.8|721|2017
3.0|Geraud Sanders|SO|WR|7|1|1|100.0|24|24.0|0|0|301.6|0.1|3.4|721|2017
4.0|Nate Romine|SR|QB|3|5|2|40.0|18|3.6|0|1|30.24|1.7|6.0|721|2017
|Total|||7|79|40|50.6|839|10.6|8|3|165.67|11.3|119.9|721|2017
|Opponents|||7|141|72|51.1|1033|7.3|8|2|128.48|20.1|147.6|721|2017
1.0|Thomas Woodson|SR|QB|8|235|133|56.6|1456|6.2|11|7|118.14|29.4|182.0|5|2017
2.0|Kato Nelson|FR|QB|5|11|6|54.5|123|11.2|0|1|130.3|2.2|24.6|5|2017
3.0|Robbie Kelley|JR|QB|4|11|6|54.5|111|10.1|1|0|169.31|2.8|27.8|5|2017
4.0|Nick Johns|SO|QB|7|2|1|50.0|4|2.0|0|0|66.8|0.3|0.6|5|2017
|Total|||8|259|146|56.4|1694|6.5|12|8|120.42|32.4|211.8|5|2017
|Opponents|||8|273|171|62.6|2001|7.3|13|10|132.59|34.1|250.1|5|2017
1.0|Jalen Hurts|SO|QB|8|151|95|62.9|1223|8.1|9|1|149.29|18.9|152.9|8|2017
2.0|Tua Tagovailoa|FR|QB|7|42|28|66.7|385|9.2|5|1|178.2|6.0|55.0|8|2017
|Total|||8|193|123|63.7|1608|8.3|14|2|155.59|24.1|201.0|8|2017
|Opponents|||8|251|138|55.0|1357|5.4|6|11|99.52|31.4|169.6|8|2017
1.0|Taylor Lamb|SR|QB|7|206|125|60.7|1624|7.9|13|3|144.82|29.4|232.0|27|2017
2.0|Zac Thomas|FR|QB|2|10|6|60.0|33|3.3|0|0|87.72|5.0|16.5|27|2017
3.0|Malik Williams|FR|WR|7|1|1|100.0|27|27.0|1|0|656.8|0.1|3.9|27|2017
4.0|Jacob Huesman|FR|QB|1|2|1|50.0|5|2.5|0|0|71.0|2.0|5.0|27|2017
5.0|Team|||5|2|0|0.0|0|0.0|0|0|0.0|0.4|0.0|27|2017
|Total|||7|221|133|60.2|1689|7.6|14|3|142.58|31.6|241.3|27|2017
|Opponents|||7|207|112|54.1|1508|7.3|10|9|122.54|29.6|215.4|27|2017
1.0|Brandon Dawkins|JR|QB|5|106|66|62.3|670|6.3|5|3|125.27|21.2|134.0|29|2017
2.0|Khalil Tate|SO|QB|5|50|36|72.0|509|10.2|4|2|175.91|10.0|101.8|29|2017
3.0|Rhett Rodriguez|FR|QB|2|1|1|100.0|10|10.0|0|0|184.0|0.5|5.0|29|2017
4.0|Donavan Tate|FR|QB|2|1|1|100.0|10|10.0|0|0|184.0|0.5|5.0|29|2017
|Total|||7|158|104|65.8|1199|7.6|9|5|142.04|22.6|171.3|29|2017
|Opponents|||7|264|155|58.7|1803|6.8|8|10|118.5|37.7|257.6|29|2017
1.0|Manny Wilkins|JR|QB|7|234|156|66.7|1837|7.9|8|3|141.33|33.4|262.4|28|2017
2.0|Blake Barnett|SO|QB|2|3|2|66.7|21|7.0|0|0|125.47|1.5|10.5|28|2017
3.0|N'Keal Harry|SO|WR|7|1|1|100.0|14|14.0|1|0|547.6|0.1|2.0|28|2017
|Total|||7|238|159|66.8|1872|7.9|9|3|142.84|34.0|267.4|28|2017
|Opponents|||7|250|156|62.4|1762|7.0|14|6|135.28|35.7|251.7|28|2017
1.0|Austin Allen|SR|QB|5|117|66|56.4|850|7.3|8|4|133.17|23.4|170.0|31|2017
2.0|Cole Kelley|FR|QB|6|86|49|57.0|549|6.4|4|2|121.31|14.3|91.5|31|2017
3.0|Blake Johnson|SO|P|7|1|0|0.0|0|0.0|0|0|0.0|0.1|0.0|31|2017
|Total|||7|204|115|56.4|1399|6.9|12|6|127.51|29.1|199.9|31|2017
|Opponents|||7|207|122|58.9|1492|7.2|11|5|132.2|29.6|213.1|31|2017
1.0|Justice Hansen|JR|QB|6|225|145|64.4|1862|8.3|21|6|159.43|37.5|310.3|30|2017
2.0|Logan Bonner|FR|QB|4|21|9|42.9|70|3.3|1|1|77.05|5.3|17.5|30|2017
3.0|Chauncey Mason|SO|RB|4|1|1|100.0|34|34.0|0|0|385.6|0.3|8.5|30|2017
4.0|Team|||3|1|0|0.0|0|0.0|0|0|0.0|0.3|0.0|30|2017
|Total|||6|248|155|62.5|1966|7.9|22|7|152.71|41.3|327.7|30|2017
|Opponents|||6|173|88|50.9|1298|7.5|6|6|118.4|28.8|216.3|30|2017
1.0|Ahmad Bradshaw|SR|QB|8|35|10|28.6|190|5.4|1|2|72.17|4.4|23.8|725|2017
2.0|Kelvin Hopkins Jr.|SO|QB|7|18|6|33.3|76|4.2|1|1|76.01|2.6|10.9|725|2017
3.0|Zach Potter|SO|P|3|1|0|0.0|0|0.0|0|0|0.0|0.3|0.0|725|2017
4.0|Luke Langdon|JR|QB|5|2|0|0.0|0|0.0|0|2|-200.0|0.4|0.0|725|2017
|Total|||8|56|16|28.6|266|4.8|2|5|62.39|7.0|33.3|725|2017
|Opponents|||8|213|134|62.9|1626|7.6|10|3|139.71|26.6|203.3|725|2017
1.0|Jarrett Stidham|SO|QB|8|193|127|65.8|1728|9.0|8|3|151.58|24.1|216.0|37|2017
2.0|Ryan Davis|JR|WR|8|1|1|100.0|62|62.0|1|0|950.8|0.1|7.8|37|2017
3.0|Malik Willis|FR|QB|4|6|5|83.3|8|1.3|1|0|149.53|1.5|2.0|37|2017
4.0|Devin Adams|JR|QB|1|2|1|50.0|-1|-0.5|0|0|45.8|2.0|-1.0|37|2017
|Total|||8|202|134|66.3|1797|8.9|10|3|154.44|25.3|224.6|37|2017
|Opponents|||8|250|142|56.8|1427|5.7|7|4|110.79|31.3|178.4|37|2017
1.0|Tanner Mangum|JR|QB|6|190|109|57.4|1094|5.8|5|8|106.01|31.7|182.3|77|2017
2.0|Beau Hoge|SO|QB|2|29|16|55.2|206|7.1|2|3|116.91|14.5|103.0|77|2017
3.0|Koy Detmer Jr.|SO|QB|1|20|7|35.0|91|4.6|0|3|43.22|20.0|91.0|77|2017
4.0|Joe Critchlow|FR|QB|2|7|3|42.9|10|1.4|0|0|54.86|3.5|5.0|77|2017
|Total|||8|246|135|54.9|1401|5.7|7|14|100.73|30.8|175.1|77|2017
|Opponents|||8|221|146|66.1|1743|7.9|12|5|145.71|27.6|217.9|77|2017
1.0|Jack Milas|SR|QB|7|148|79|53.4|731|4.9|0|6|86.76|21.1|104.4|47|2017
2.0|Riley Neal|JR|QB|3|99|67|67.7|659|6.7|6|3|137.54|33.0|219.7|47|2017
3.0|Zack Blair|SO|QB|3|12|6|50.0|59|4.9|0|0|91.3|4.0|19.7|47|2017
|Total|||7|259|152|58.7|1449|5.6|6|9|106.39|37.0|207.0|47|2017
|Opponents|||7|197|121|61.4|1564|7.9|11|5|141.46|28.1|223.4|47|2017
1.0|Zach Smith|SO|QB|7|185|99|53.5|1421|7.7|8|6|125.81|26.4|203.0|51|2017
2.0|Anu Solomon|SR|QB|2|55|24|43.6|399|7.3|4|2|121.31|27.5|199.5|51|2017
3.0|Charlie Brewer|FR|QB|3|20|11|55.0|150|7.5|2|1|141.0|6.7|50.0|51|2017
4.0|Tony Nicholson|SO|WR|7|1|0|0.0|0|0.0|0|0|0.0|0.1|0.0|51|2017
|Total|||7|261|134|51.3|1970|7.5|14|9|125.54|37.3|281.4|51|2017
|Opponents|||7|221|145|65.6|2034|9.2|17|1|167.4|31.6|290.6|51|2017
1.0|Brett Rypien|JR|QB|6|130|81|62.3|842|6.5|2|3|117.18|21.7|140.3|66|2017
2.0|Montell Cozart|SR|QB|7|69|45|65.2|539|7.8|7|1|161.42|9.9|77.0|66|2017
|Total|||7|199|126|63.3|1381|6.9|9|4|132.53|28.4|197.3|66|2017
|Opponents|||7|237|137|57.8|1467|6.2|9|8|115.59|33.9|209.6|66|2017
1.0|Anthony Brown|FR|QB|8|233|126|54.1|1284|5.5|10|8|107.66|29.1|160.5|67|2017
2.0|Darius Wade|SR|QB|5|25|15|60.0|143|5.7|0|1|100.05|5.0|28.6|67|2017
3.0|Jeff Smith|JR|WR|8|2|1|50.0|25|12.5|1|0|320.0|0.3|3.1|67|2017
4.0|Team|||4|1|0|0.0|0|0.0|0|0|0.0|0.3|0.0|67|2017
5.0|Travis Levy|FR|RB|8|1|0|0.0|0|0.0|0|0|0.0|0.1|0.0|67|2017
|Total|||8|262|142|54.2|1452|5.5|11|9|107.73|32.8|181.5|67|2017
|Opponents|||8|268|139|51.9|1576|5.9|6|12|99.7|33.5|197.0|67|2017
1.0|James Morgan|SO|QB|7|212|96|45.3|1260|5.9|9|7|102.61|30.3|180.0|71|2017
2.0|Jarret Doege|FR|QB|3|63|40|63.5|387|6.1|1|1|117.16|21.0|129.0|71|2017
3.0|Grant Loy|FR|QB|4|14|8|57.1|122|8.7|0|2|101.77|3.5|30.5|71|2017
4.0|Matthew Wilcox Jr.|FR|WR|8|1|1|100.0|18|18.0|0|0|251.2|0.1|2.3|71|2017
|Total|||8|290|145|50.0|1787|6.2|10|10|106.24|36.3|223.4|71|2017
|Opponents|||8|257|155|60.3|2122|8.3|16|5|146.33|32.1|265.3|71|2017
1.0|Drew Anderson|JR|QB|5|106|66|62.3|1039|9.8|10|1|173.84|21.2|207.8|86|2017
2.0|Tyree Jackson|SO|QB|5|92|51|55.4|733|8.0|3|1|130.95|18.4|146.6|86|2017
3.0|Kyle Vantrease|FR|QB|2|57|25|43.9|355|6.2|2|2|100.74|28.5|177.5|86|2017
|Total|||8|255|142|55.7|2127|8.3|15|4|142.02|31.9|265.9|86|2017
|Opponents|||8|205|120|58.5|1472|7.2|9|5|128.46|25.6|184.0|86|2017
1.0|Ross Bowers|SO|QB|8|309|174|56.3|1997|6.5|12|10|116.94|38.6|249.6|107|2017
2.0|Chase Forrest|JR|QB|3|10|5|50.0|53|5.3|0|0|94.52|3.3|17.7|107|2017
3.0|Team|||6|2|0|0.0|0|0.0|0|0|0.0|0.3|0.0|107|2017
4.0|Vic Wharton III|JR|WR|8|1|0|0.0|0|0.0|0|0|0.0|0.1|0.0|107|2017
|Total|||8|322|179|55.6|2050|6.4|12|10|115.15|40.3|256.3|107|2017
|Opponents|||8|298|188|63.1|2064|6.9|11|13|124.73|37.3|258.0|107|2017
1.0|Shane Morris|SR|QB|8|300|170|56.7|1966|6.6|16|11|121.99|37.5|245.8|129|2017
2.0|Tony Poljan|FR|QB|8|14|8|57.1|60|4.3|0|0|93.14|1.8|7.5|129|2017
3.0|Jonathan Ward|SO|RB|8|1|1|100.0|9|9.0|0|0|175.6|0.1|1.1|129|2017
|Total|||8|315|179|56.8|2035|6.5|16|11|120.87|39.4|254.4|129|2017
|Opponents|||8|260|144|55.4|1564|6.0|8|10|108.38|32.5|195.5|129|2017
1.0|Hasaan Klugh|JR|QB|7|187|89|47.6|937|5.0|6|10|89.57|26.7|133.9|458|2017
2.0|Brooks Barden|JR|QB|2|24|11|45.8|86|3.6|0|2|59.26|12.0|43.0|458|2017
3.0|Joe Thompson|FR|QB|1|1|0|0.0|0|0.0|0|0|0.0|1.0|0.0|458|2017
4.0|Chris Montgomery|SR|WR|8|1|0|0.0|0|0.0|0|1|-200.0|0.1|0.0|458|2017
|Total|||8|213|100|46.9|1023|4.8|6|13|84.39|26.6|127.9|458|2017
|Opponents|||8|259|179|69.1|2086|8.1|12|2|150.51|32.4|260.8|458|2017
1.0|Hayden Moore|JR|QB|8|305|167|54.8|1711|5.6|12|7|110.26|38.1|213.9|140|2017
2.0|Ross Trail|SO|QB|1|9|5|55.6|31|3.4|0|0|84.49|9.0|31.0|140|2017
|Total|||8|314|172|54.8|1742|5.5|12|7|109.53|39.3|217.8|140|2017
|Opponents|||8|202|124|61.4|1676|8.3|16|3|154.25|25.3|209.5|140|2017
1.0|Kelly Bryant|JR|QB|7|176|119|67.6|1375|7.8|4|4|136.19|25.1|196.4|147|2017
2.0|Zerrick Cooper|FR|QB|7|28|17|60.7|145|5.2|1|0|115.99|4.0|20.7|147|2017
3.0|Hunter Johnson|FR|QB|3|12|11|91.7|81|6.8|1|0|175.87|4.0|27.0|147|2017
4.0|Will Spiers|FR|P|7|2|1|50.0|5|2.5|0|0|71.0|0.3|0.7|147|2017
5.0|Team|||4|1|0|0.0|0|0.0|0|0|0.0|0.3|0.0|147|2017
|Total|||7|219|148|67.6|1606|7.3|6|4|134.57|31.3|229.4|147|2017
|Opponents|||7|211|114|54.0|1271|6.0|9|5|113.96|30.1|181.6|147|2017
1.0|Steven Montez|SO|QB|8|233|144|61.8|1712|7.3|12|6|135.37|29.1|214.0|157|2017
2.0|Sam Noyer|FR|QB|3|26|12|46.2|113|4.3|0|0|82.66|8.7|37.7|157|2017
3.0|Casey Marksberry|FR|QB|1|3|2|66.7|20|6.7|0|0|122.67|3.0|20.0|157|2017
4.0|Bryce Bobo|SR|WR|8|1|1|100.0|11|11.0|1|0|522.4|0.1|1.4|157|2017
5.0|T.J. Patterson|SR|QB|6|1|0|0.0|0|0.0|0|0|0.0|0.2|0.0|157|2017
6.0|Team|||7|1|0|0.0|0|0.0|0|0|0.0|0.1|0.0|157|2017
|Total|||8|265|159|60.0|1856|7.0|13|6|130.49|33.1|232.0|157|2017
|Opponents|||8|262|143|54.6|1825|7.0|9|7|119.09|32.8|228.1|157|2017
1.0|Nick Stevens|SR|QB|8|287|179|62.4|2486|8.7|20|6|153.95|35.9|310.8|156|2017
|Total|||8|287|179|62.4|2486|8.7|20|6|153.95|35.9|310.8|156|2017
|Opponents|||8|284|168|59.2|2176|7.7|14|7|134.86|35.5|272.0|156|2017
1.0|Bryant Shirreffs|SR|QB|7|198|135|68.2|1952|9.9|13|4|168.63|28.3|278.9|164|2017
2.0|David Pindell|JR|QB|4|28|19|67.9|154|5.5|0|0|114.06|7.0|38.5|164|2017
|Total|||7|226|154|68.1|2106|9.3|13|4|161.86|32.3|300.9|164|2017
|Opponents|||7|312|209|67.0|2614|8.4|20|3|156.6|44.6|373.4|164|2017
1.0|Daniel Jones|SO|QB|8|290|158|54.5|1670|5.8|8|6|107.82|36.3|208.8|193|2017
2.0|Quentin Harris|SO|QB|8|10|7|70.0|73|7.3|1|0|164.32|1.3|9.1|193|2017
3.0|Parker Boehme|SR|QB|8|2|1|50.0|6|3.0|0|0|75.2|0.3|0.8|193|2017
4.0|Shaun Wilson|SR|RB|8|1|0|0.0|0|0.0|0|1|-200.0|0.1|0.0|193|2017
|Total|||8|303|166|54.8|1749|5.8|9|7|108.45|37.9|218.6|193|2017
|Opponents|||8|225|119|52.9|1583|7.0|11|12|117.45|28.1|197.9|193|2017
1.0|Thomas Sirk|SR|QB|7|231|130|56.3|1650|7.1|9|8|122.21|33.0|235.7|196|2017
2.0|Gardner Minshew|JR|QB|6|85|38|44.7|654|7.7|6|2|127.92|14.2|109.0|196|2017
|Total|||8|316|168|53.2|2304|7.3|15|10|123.75|39.5|288.0|196|2017
|Opponents|||8|256|175|68.4|2614|10.2|22|4|179.36|32.0|326.8|196|2017
1.0|Brogan Roback|SR|QB|7|267|165|61.8|1817|6.8|10|8|125.33|38.1|259.6|204|2017
2.0|Isaac Holder|SO|WR|6|2|2|100.0|61|30.5|0|0|356.2|0.3|10.2|204|2017
3.0|Jaron Johnson|SR|WR|7|1|1|100.0|43|43.0|1|0|791.2|0.1|6.1|204|2017
4.0|Team|||4|4|0|0.0|0|0.0|0|0|0.0|1.0|0.0|204|2017
5.0|Ivan Oraha|SO|P|7|1|0|0.0|0|0.0|0|0|0.0|0.1|0.0|204|2017
|Total|||7|275|168|61.1|1921|7.0|11|8|127.14|39.3|274.4|204|2017
|Opponents|||7|191|107|56.0|1175|6.2|6|5|112.83|27.3|167.9|204|2017
1.0|Feleipe Franks|FR|QB|6|106|68|64.2|800|7.5|4|3|134.33|17.7|133.3|235|2017
2.0|Luke Del Rio|JR|QB|2|25|16|64.0|138|5.5|1|1|115.57|12.5|69.0|235|2017
3.0|Malik Zaire|SR|QB|1|17|9|52.9|106|6.2|0|0|105.31|17.0|106.0|235|2017
4.0|Kadarius Toney|FR|ATH|5|2|1|50.0|50|25.0|0|0|260.0|0.4|10.0|235|2017
|Total|||6|150|94|62.7|1094|7.3|5|4|129.6|25.0|182.3|235|2017
|Opponents|||6|172|86|50.0|1266|7.4|9|6|122.11|28.7|211.0|235|2017
1.0|Jason Driskel|JR|QB|6|121|80|66.1|806|6.7|3|2|126.94|20.2|134.3|229|2017
2.0|Daniel Parr|SO|QB|6|75|43|57.3|588|7.8|4|2|135.46|12.5|98.0|229|2017
3.0|De'Andre Johnson|SO|QB|2|3|2|66.7|5|1.7|0|1|14.0|1.5|2.5|229|2017
|Total|||7|199|125|62.8|1399|7.0|7|5|128.44|28.4|199.9|229|2017
|Opponents|||7|227|126|55.5|1458|6.4|9|12|111.97|32.4|208.3|229|2017
1.0|Alex McGough|SR|QB|6|178|107|60.1|1336|7.5|5|6|125.69|29.7|222.7|231|2017
2.0|Thomas Owens|SR|WR|6|1|1|100.0|35|35.0|1|0|724.0|0.2|5.8|231|2017
3.0|Maurice Alexander|SO|QB|4|5|2|40.0|12|2.4|0|0|60.16|1.3|3.0|231|2017
|Total|||6|184|110|59.8|1383|7.5|6|6|127.15|30.7|230.5|231|2017
|Opponents|||6|169|110|65.1|1219|7.2|7|3|135.8|28.2|203.2|231|2017
1.0|James Blackman|FR|QB|5|136|84|61.8|1047|7.7|7|6|134.61|27.2|209.4|234|2017
2.0|Deondre Francois|SO|QB|1|33|19|57.6|210|6.4|1|2|108.92|33.0|210.0|234|2017
3.0|Team|||4|1|0|0.0|0|0.0|0|0|0.0|0.3|0.0|234|2017
|Total|||6|170|103|60.6|1257|7.4|8|8|128.82|28.3|209.5|234|2017
|Opponents|||6|188|111|59.0|1236|6.6|7|3|123.36|31.3|206.0|234|2017
1.0|Marcus McMaryion|JR|QB|7|127|83|65.4|1142|9.0|7|1|157.5|18.1|163.1|96|2017
2.0|Chason Virgil|SO|QB|4|83|48|57.8|524|6.3|3|2|117.97|20.8|131.0|96|2017
3.0|Josh Hokit|SO|RB|7|2|2|100.0|81|40.5|2|0|770.2|0.3|11.6|96|2017
|Total|||7|212|133|62.7|1747|8.2|12|3|147.81|30.3|249.6|96|2017
|Opponents|||7|214|132|61.7|1328|6.2|9|7|121.15|30.6|189.7|96|2017
1.0|Jake Fromm|FR|QB|7|121|75|62.0|1162|9.6|12|3|170.42|17.3|166.0|257|2017
2.0|Jacob Eason|SO|QB|3|7|4|57.1|28|4.0|0|0|90.74|2.3|9.3|257|2017
3.0|Brice Ramsey|SR|QB|2|4|1|25.0|10|2.5|0|2|-54.0|2.0|5.0|257|2017
4.0|D'Andre Swift|FR|RB|7|1|0|0.0|0|0.0|0|0|0.0|0.1|0.0|257|2017
|Total|||7|133|80|60.2|1200|9.0|12|5|158.2|19.0|171.4|257|2017
|Opponents|||7|219|125|57.1|1193|5.4|7|5|108.81|31.3|170.4|257|2017
1.0|Shai Werts|FR|QB|5|71|37|52.1|463|6.5|3|4|109.56|14.2|92.6|253|2017
2.0|Kado Brown|JR|QB|2|11|5|45.5|152|13.8|0|1|143.35|5.5|76.0|253|2017
3.0|LaBaron Anthony|JR|QB|1|9|1|11.1|7|0.8|0|0|17.65|9.0|7.0|253|2017
4.0|Team|||4|1|0|0.0|0|0.0|0|0|0.0|0.3|0.0|253|2017
|Total|||6|92|43|46.7|622|6.8|3|5|103.42|15.3|103.7|253|2017
|Opponents|||6|177|104|58.8|1563|8.8|18|7|158.59|29.5|260.5|253|2017
1.0|Conner Manning|SR|QB|6|188|125|66.5|1516|8.1|7|5|141.2|31.3|252.7|254|2017
2.0|Aaron Winchester|SO|QB|4|9|6|66.7|102|11.3|1|1|176.32|2.3|25.5|254|2017
|Total|||6|197|131|66.5|1618|8.2|8|6|142.8|32.8|269.7|254|2017
|Opponents|||6|182|115|63.2|1572|8.6|13|3|156.01|30.3|262.0|254|2017
1.0|TaQuon Marshall|JR|QB|6|51|27|52.9|456|8.9|5|0|160.39|8.5|76.0|255|2017
2.0|Matthew Jordan|JR|QB|4|1|0|0.0|0|0.0|0|0|0.0|0.3|0.0|255|2017
3.0|Team|||3|1|0|0.0|0|0.0|0|0|0.0|0.3|0.0|255|2017
|Total|||6|53|27|50.9|456|8.6|5|0|154.34|8.8|76.0|255|2017
|Opponents|||6|186|108|58.1|1182|6.4|7|5|118.49|31.0|197.0|255|2017
1.0|Dru Brown|JR|QB|7|234|149|63.7|1816|7.8|13|7|141.22|33.4|259.4|277|2017
2.0|Cole Brownholtz|SO|QB|1|1|1|100.0|7|7.0|0|0|158.8|1.0|7.0|277|2017
3.0|Cole McDonald|FR|QB|4|4|2|50.0|4|1.0|1|0|140.9|1.0|1.0|277|2017
|Total|||7|239|152|63.6|1827|7.6|14|7|141.28|34.1|261.0|277|2017
|Opponents|||7|212|143|67.5|2063|9.7|19|4|174.99|30.3|294.7|277|2017
1.0|Kyle Postma|SR|QB|6|162|109|67.3|1120|6.9|5|6|128.13|27.0|186.7|288|2017
2.0|Kyle Allen|JR|QB|3|104|80|76.9|751|7.2|4|4|142.58|34.7|250.3|288|2017
3.0|D'Eriq King|SO|QB|5|2|1|50.0|22|11.0|1|0|307.4|0.4|4.4|288|2017
|Total|||7|268|190|70.9|1893|7.1|10|10|135.08|38.3|270.4|288|2017
|Opponents|||7|279|165|59.1|1831|6.6|6|10|114.2|39.9|261.6|288|2017
1.0|Matt Linehan|SR|QB|7|205|122|59.5|1414|6.9|11|4|131.26|29.3|202.0|295|2017
2.0|Mason Petrino|SO|WR|5|4|3|75.0|58|14.5|1|0|279.3|0.8|11.6|295|2017
3.0|Team|||3|1|0|0.0|0|0.0|0|0|0.0|0.3|0.0|295|2017
|Total|||7|210|125|59.5|1472|7.0|12|4|133.45|30.0|210.3|295|2017
|Opponents|||7|186|114|61.3|1449|7.8|12|5|142.64|26.6|207.0|295|2017
1.0|Jeff George, Jr.|SO|QB|4|128|72|56.3|893|7.0|4|7|114.23|32.0|223.3|301|2017
2.0|Chayce Crouch|JR|QB|6|77|41|53.2|427|5.5|1|4|93.73|12.8|71.2|301|2017
3.0|Cam Thomas|FR|QB|1|4|2|50.0|33|8.3|0|1|69.3|4.0|33.0|301|2017
4.0|Trenard Davis|SO|WR|6|1|1|100.0|7|7.0|0|0|158.8|0.2|1.2|301|2017
|Total|||7|210|116|55.2|1360|6.5|5|12|106.07|30.0|194.3|301|2017
|Opponents|||7|194|112|57.7|1391|7.2|13|6|133.88|27.7|198.7|301|2017
1.0|Peyton Ramsey|FR|QB|7|164|103|62.8|973|5.9|7|4|121.85|23.4|139.0|306|2017
2.0|Richard Lagow|SR|QB|5|104|59|56.7|681|6.5|4|3|118.65|20.8|136.2|306|2017
3.0|Mike Fiacable|SO|QB|2|1|0|0.0|0|0.0|0|0|0.0|0.5|0.0|306|2017
4.0|Mike Majette|JR|RB|5|1|0|0.0|0|0.0|0|0|0.0|0.2|0.0|306|2017
|Total|||7|270|162|60.0|1654|6.1|11|7|119.71|38.6|236.3|306|2017
|Opponents|||7|214|116|54.2|1270|5.9|10|1|118.55|30.6|181.4|306|2017
1.0|Nate Stanley|SO|QB|7|201|116|57.7|1513|7.5|16|3|144.22|28.7|216.1|312|2017
2.0|Colten Rastetter|SO|P|7|1|1|100.0|15|15.0|0|0|226.0|0.1|2.1|312|2017
3.0|Tyler Wiegers|JR|QB|3|2|1|50.0|3|1.5|1|0|227.6|0.7|1.0|312|2017
|Total|||7|204|118|57.8|1531|7.5|17|3|145.44|29.1|218.7|312|2017
|Opponents|||7|272|158|58.1|1648|6.1|8|8|112.82|38.9|235.4|312|2017
1.0|Jacob Park|JR|QB|4|162|100|61.7|1181|7.3|9|5|135.13|40.5|295.3|311|2017
2.0|Kyle Kempt|SR|QB|4|76|53|69.7|657|8.6|7|1|170.13|19.0|164.3|311|2017
3.0|Zeb Noland|FR|QB|2|10|5|50.0|90|9.0|0|0|125.6|5.0|45.0|311|2017
4.0|Joel Lanning|SR|LB|7|3|2|66.7|25|8.3|0|0|136.67|0.4|3.6|311|2017
5.0|David Montgomery|SO|RB|7|2|0|0.0|0|0.0|0|0|0.0|0.3|0.0|311|2017
|Total|||7|253|160|63.2|1953|7.7|16|6|144.21|36.1|279.0|311|2017
|Opponents|||7|250|163|65.2|1630|6.5|13|8|130.73|35.7|232.9|311|2017
1.0|Peyton Bender|JR|QB|7|237|129|54.4|1429|6.0|8|9|108.63|33.9|204.1|328|2017
2.0|Carter Stanley|SO|QB|5|28|15|53.6|144|5.1|0|1|89.63|5.6|28.8|328|2017
3.0|Team|||3|1|0|0.0|0|0.0|0|0|0.0|0.3|0.0|328|2017
4.0|Steven Sims Jr.|JR|WR|7|1|0|0.0|0|0.0|0|0|0.0|0.1|0.0|328|2017
|Total|||7|267|144|53.9|1573|5.9|8|10|105.81|38.1|224.7|328|2017
|Opponents|||7|226|154|68.1|2024|9.0|21|3|171.38|32.3|289.1|328|2017
1.0|Jesse Ertz|SR|QB|5|100|55|55.0|930|9.3|7|3|150.22|20.0|186.0|327|2017
2.0|Alex Delton|SO|QB|4|48|25|52.1|320|6.7|1|1|110.78|12.0|80.0|327|2017
3.0|Skylar Thompson|FR|QB|2|2|1|50.0|11|5.5|0|0|96.2|1.0|5.5|327|2017
4.0|Byron Pringle|JR|WR|6|1|0|0.0|0|0.0|0|0|0.0|0.2|0.0|327|2017
|Total|||7|151|81|53.6|1261|8.4|8|4|135.97|21.6|180.1|327|2017
|Opponents|||7|256|166|64.8|1839|7.2|7|6|129.52|36.6|262.7|327|2017
1.0|George Bollas|JR|QB|7|84|42|50.0|537|6.4|2|4|102.04|12.0|76.7|331|2017
2.0|Dustin Crum|FR|QB|6|21|9|42.9|165|7.9|1|2|105.52|3.5|27.5|331|2017
3.0|Nick Holley|SR|QB|3|20|9|45.0|106|5.3|2|0|122.52|6.7|35.3|331|2017
4.0|Kavious Price|SO|WR|7|1|0|0.0|0|0.0|0|1|-200.0|0.1|0.0|331|2017
|Total|||8|126|60|47.6|808|6.4|5|7|103.47|15.8|101.0|331|2017
|Opponents|||8|221|126|57.0|1703|7.7|14|10|133.6|27.6|212.9|331|2017
1.0|Stephen Johnson|SR|QB|7|183|112|61.2|1355|7.4|9|4|135.25|26.1|193.6|334|2017
2.0|Drew Barker|JR|QB|3|4|2|50.0|33|8.3|0|0|119.3|1.3|11.0|334|2017
3.0|Lynn Bowden|FR|WR|7|1|1|100.0|24|24.0|0|0|301.6|0.1|3.4|334|2017
4.0|Benny Snell, Jr.|SO|RB|7|2|0|0.0|0|0.0|0|0|0.0|0.3|0.0|334|2017
5.0|Team|||4|1|0|0.0|0|0.0|0|0|0.0|0.3|0.0|334|2017
|Total|||7|191|115|60.2|1412|7.4|9|4|133.67|27.3|201.7|334|2017
|Opponents|||7|264|162|61.4|1891|7.2|13|6|133.23|37.7|270.1|334|2017
1.0|Danny Etling|SR|QB|8|155|93|60.0|1452|9.4|9|1|156.56|19.4|181.5|365|2017
2.0|Myles Brennan|FR|QB|4|18|10|55.6|160|8.9|1|2|126.34|4.5|40.0|365|2017
3.0|Russell Gage|SR|WR|8|1|0|0.0|0|0.0|0|0|0.0|0.1|0.0|365|2017
|Total|||8|174|103|59.2|1612|9.3|10|3|152.54|21.8|201.5|365|2017
|Opponents|||8|238|128|53.8|1388|5.8|5|7|103.82|29.8|173.5|365|2017
1.0|J'Mar Smith|SO|QB|7|226|125|55.3|1723|7.6|9|4|128.95|32.3|246.1|366|2017
2.0|Westin Elliott|SO|QB|1|6|3|50.0|23|3.8|1|0|137.2|6.0|23.0|366|2017
3.0|Team|||3|1|0|0.0|0|0.0|0|0|0.0|0.3|0.0|366|2017
|Total|||7|233|128|54.9|1746|7.5|10|4|128.62|33.3|249.4|366|2017
|Opponents|||7|260|154|59.2|1633|6.3|10|8|118.53|37.1|233.3|366|2017
1.0|Jordan Davis|JR|QB|6|131|74|56.5|804|6.1|5|4|114.53|21.8|134.0|671|2017
2.0|Andre Nunez|JR|QB|4|99|61|61.6|783|7.9|4|2|137.35|24.8|195.8|671|2017
3.0|Darius Hoggins|SR|RB|5|1|1|100.0|19|19.0|0|0|259.6|0.2|3.8|671|2017
4.0|Ja'Marcus Bradley|SO|WR|7|2|0|0.0|0|0.0|0|0|0.0|0.3|0.0|671|2017
5.0|Dion Ray|SO|QB|6|1|0|0.0|0|0.0|0|0|0.0|0.2|0.0|671|2017
6.0|Michael Jacquet|SO|WR|7|1|0|0.0|0|0.0|0|1|-200.0|0.1|0.0|671|2017
|Total|||7|235|136|57.9|1606|6.8|9|7|121.96|33.6|229.4|671|2017
|Opponents|||7|206|129|62.6|1735|8.4|10|3|146.47|29.4|247.9|671|2017
1.0|Caleb Evans|SO|QB|7|166|105|63.3|1305|7.9|6|1|140.01|23.7|186.4|498|2017
2.0|Garrett Smith|JR|QB|3|49|28|57.1|456|9.3|4|1|158.17|16.3|152.0|498|2017
|Total|||7|215|133|61.9|1761|8.2|10|2|144.15|30.7|251.6|498|2017
|Opponents|||7|225|129|57.3|1939|8.6|18|5|151.68|32.1|277.0|498|2017
1.0|Lamar Jackson|JR|QB|8|282|170|60.3|2478|8.8|17|5|150.43|35.3|309.8|367|2017
2.0|Jawon Pass|FR|QB|2|27|19|70.4|190|7.0|1|0|141.7|13.5|95.0|367|2017
3.0|Reggie Bonnafon|SR|RB|8|1|0|0.0|0|0.0|0|0|0.0|0.1|0.0|367|2017
|Total|||8|310|189|61.0|2668|8.6|18|5|149.19|38.8|333.5|367|2017
|Opponents|||8|242|145|59.9|1871|7.7|12|7|135.43|30.3|233.9|367|2017
1.0|Chase Litton|JR|QB|7|225|137|60.9|1550|6.9|13|3|135.16|32.1|221.4|388|2017
|Total|||7|225|137|60.9|1550|6.9|13|3|135.16|32.1|221.4|388|2017
|Opponents|||7|228|119|52.2|1435|6.3|7|5|110.8|32.6|205.0|388|2017
1.0|Max Bortenschlager|SO|QB|7|136|67|49.3|686|5.0|7|3|104.22|19.4|98.0|392|2017
2.0|Kasim Hill|FR|QB|3|21|18|85.7|230|11.0|2|0|209.14|7.0|76.7|392|2017
3.0|Tyrrell Pigrome|SO|QB|1|12|9|75.0|175|14.6|2|1|235.83|12.0|175.0|392|2017
4.0|Caleb Henderson|JR|QB|2|1|0|0.0|0|0.0|0|0|0.0|0.5|0.0|392|2017
|Total|||7|170|94|55.3|1091|6.4|11|4|125.84|24.3|155.9|392|2017
|Opponents|||7|254|152|59.8|1813|7.1|12|8|129.09|36.3|259.0|392|2017
1.0|Andrew Ford|JR|QB|7|223|142|63.7|1880|8.4|13|2|151.94|31.9|268.6|400|2017
2.0|Ross Comis|JR|QB|7|36|19|52.8|300|8.3|3|0|150.28|5.1|42.9|400|2017
3.0|Team|||5|4|0|0.0|0|0.0|0|0|0.0|0.8|0.0|400|2017
|Total|||7|263|161|61.2|2180|8.3|16|2|149.41|37.6|311.4|400|2017
|Opponents|||7|198|109|55.1|1428|7.2|11|2|131.94|28.3|204.0|400|2017
1.0|Riley Ferguson|SR|QB|7|289|173|59.9|2285|7.9|20|6|144.97|41.3|326.4|404|2017
2.0|David Moore|FR|QB|2|7|5|71.4|49|7.0|1|0|177.37|3.5|24.5|404|2017
3.0|Riley Patterson|FR|K|7|1|0|0.0|0|0.0|0|1|-200.0|0.1|0.0|404|2017
|Total|||7|297|178|59.9|2334|7.9|21|7|144.57|42.4|333.4|404|2017
|Opponents|||7|257|155|60.3|1930|7.5|15|9|135.65|36.7|275.7|404|2017
1.0|Malik Rosier|JR|QB|6|214|127|59.3|1715|8.0|14|3|145.46|35.7|285.8|415|2017
2.0|Evan Shirreffs|SO|QB|1|2|1|50.0|16|8.0|0|0|117.2|2.0|16.0|415|2017
3.0|Team|||5|2|0|0.0|0|0.0|0|0|0.0|0.4|0.0|415|2017
|Total|||6|218|128|58.7|1731|7.9|14|3|143.86|36.3|288.5|415|2017
|Opponents|||6|209|109|52.2|1132|5.4|6|8|99.45|34.8|188.7|415|2017
1.0|Gus Ragland|JR|QB|6|180|96|53.3|1398|7.8|12|4|136.13|30.0|233.0|414|2017
2.0|Billy Bahl|JR|QB|3|66|33|50.0|470|7.1|2|2|113.76|22.0|156.7|414|2017
3.0|Team|||6|1|0|0.0|0|0.0|0|0|0.0|0.2|0.0|414|2017
|Total|||8|247|129|52.2|1868|7.6|14|6|129.6|30.9|233.5|414|2017
|Opponents|||8|238|124|52.1|1531|6.4|13|8|117.44|29.8|191.4|414|2017
1.0|John O'Korn|SR|QB|6|110|61|55.5|729|6.6|1|4|106.86|18.3|121.5|418|2017
2.0|Wilton Speight|SR|QB|4|81|44|54.3|581|7.2|3|2|121.85|20.3|145.3|418|2017
3.0|Brandon Peters|SO|QB|1|1|1|100.0|4|4.0|0|0|133.6|1.0|4.0|418|2017
|Total|||7|192|106|55.2|1314|6.8|4|6|113.32|27.4|187.7|418|2017
|Opponents|||7|196|92|46.9|1110|5.7|6|6|98.49|28.0|158.6|418|2017
1.0|Brian Lewerke|SO|QB|7|202|120|59.4|1362|6.7|10|3|129.42|28.9|194.6|416|2017
2.0|Trishton Jackson|SO|WR|6|1|1|100.0|5|5.0|0|0|142.0|0.2|0.8|416|2017
3.0|Damion Terry|SR|QB|1|3|0|0.0|0|0.0|0|0|0.0|3.0|0.0|416|2017
4.0|Connor Heyward|FR|RB|6|1|0|0.0|0|0.0|0|0|0.0|0.2|0.0|416|2017
5.0|Team|||6|1|0|0.0|0|0.0|0|0|0.0|0.2|0.0|416|2017
|Total|||7|208|121|58.2|1367|6.6|10|3|126.36|29.7|195.3|416|2017
|Opponents|||7|211|107|50.7|1181|5.6|4|6|98.29|30.1|168.7|416|2017
1.0|John Urzua|SO|QB|6|220|136|61.8|1522|6.9|7|9|122.25|36.7|253.7|419|2017
2.0|Brent Stockstill|JR|QB|3|67|40|59.7|435|6.5|4|2|127.97|22.3|145.0|419|2017
3.0|Kyle Banks|FR|QB|3|11|6|54.5|49|4.5|0|0|91.97|3.7|16.3|419|2017
4.0|Patrick Smith|JR|WR|7|1|1|100.0|26|26.0|0|0|318.4|0.1|3.7|419|2017
5.0|Richie James|JR|WR|5|1|0|0.0|0|0.0|0|0|0.0|0.2|0.0|419|2017
6.0|Tavares Thomas|JR|LB|8|1|1|100.0|-5|-5.0|0|0|58.0|0.1|-0.6|419|2017
|Total|||8|301|184|61.1|2027|6.7|11|11|122.45|37.6|253.4|419|2017
|Opponents|||8|243|155|63.8|1633|6.7|7|3|127.28|30.4|204.1|419|2017
1.0|Conor Rhoda|SR|QB|6|109|59|54.1|839|7.7|5|4|126.58|18.2|139.8|428|2017
2.0|Demry Croft|SO|QB|4|47|23|48.9|273|5.8|4|3|113.06|11.8|68.3|428|2017
|Total|||7|156|82|52.6|1112|7.1|9|7|122.51|22.3|158.9|428|2017
|Opponents|||7|222|136|61.3|1282|5.8|7|7|113.86|31.7|183.1|428|2017
1.0|Shea Patterson|SO|QB|7|260|166|63.8|2259|8.7|17|9|151.49|37.1|322.7|433|2017
2.0|Jordan Ta'amu|JR|QB|3|11|7|63.6|78|7.1|0|0|123.2|3.7|26.0|433|2017
|Total|||7|271|173|63.8|2337|8.6|17|9|150.34|38.7|333.9|433|2017
|Opponents|||7|191|109|57.1|1467|7.7|12|4|138.13|27.3|209.6|433|2017
1.0|Nick Fitzgerald|JR|QB|7|188|107|56.9|1179|6.3|11|7|121.46|26.9|168.4|430|2017
2.0|Keytaon Thompson|FR|QB|7|19|8|42.1|66|3.5|1|0|88.66|2.7|9.4|430|2017
|Total|||7|207|115|55.6|1245|6.0|12|7|118.45|29.6|177.9|430|2017
|Opponents|||7|155|83|53.5|1075|6.9|6|4|119.41|22.1|153.6|430|2017
1.0|Drew Lock|JR|QB|7|233|130|55.8|2190|9.4|23|8|160.44|33.3|312.9|434|2017
2.0|Micah Wilson|FR|QB|2|1|1|100.0|8|8.0|0|0|167.2|0.5|4.0|434|2017
3.0|Team|||4|1|0|0.0|0|0.0|0|0|0.0|0.3|0.0|434|2017
|Total|||7|235|131|55.7|2198|9.4|23|8|159.81|33.6|314.0|434|2017
|Opponents|||7|217|146|67.3|1852|8.5|13|4|155.05|31.0|264.6|434|2017
1.0|Zach Abey|JR|QB|7|51|19|37.3|606|11.9|6|5|156.28|7.3|86.6|726|2017
2.0|Garret Lewis|JR|QB|2|9|3|33.3|56|6.2|0|1|63.37|4.5|28.0|726|2017
3.0|Team|||7|3|0|0.0|0|0.0|0|0|0.0|0.4|0.0|726|2017
|Total|||7|63|22|34.9|662|10.5|6|6|135.57|9.0|94.6|726|2017
|Opponents|||7|191|119|62.3|1649|8.6|12|3|152.42|27.3|235.6|726|2017
1.0|Tanner Lee|JR|QB|7|240|132|55.0|1709|7.1|13|10|124.37|34.3|244.1|463|2017
2.0|Patrick O'Brien|FR|QB|3|12|6|50.0|55|4.6|0|1|71.83|4.0|18.3|463|2017
|Total|||7|252|138|54.8|1764|7.0|13|11|121.85|36.0|252.0|463|2017
|Opponents|||7|225|151|67.1|1607|7.1|12|7|138.48|32.1|229.6|463|2017
1.0|Ty Gangi|JR|QB|7|227|131|57.7|1674|7.4|16|6|137.62|32.4|239.1|466|2017
2.0|Kaymen Cureton|FR|QB|2|38|20|52.6|213|5.6|3|1|120.5|19.0|106.5|466|2017
3.0|David Cornwell|JR|QB|2|25|13|52.0|97|3.9|0|3|60.59|12.5|48.5|466|2017
4.0|Kelton Moore|SO|RB|8|1|1|100.0|57|57.0|1|0|908.8|0.1|7.1|466|2017
5.0|Andrew Celis|JR|WR|8|3|2|66.7|48|16.0|1|0|311.07|0.4|6.0|466|2017
6.0|Cristian Solano|SO|QB|1|1|1|100.0|23|23.0|0|0|293.2|1.0|23.0|466|2017
7.0|Quinton Conaway|SO|P|8|1|0|0.0|0|0.0|0|0|0.0|0.1|0.0|466|2017
8.0|Daiyan Henley|FR|WR|8|1|0|0.0|0|0.0|0|0|0.0|0.1|0.0|466|2017
|Total|||8|297|168|56.6|2112|7.1|21|10|132.9|37.1|264.0|466|2017
|Opponents|||8|257|177|68.9|2324|9.0|20|5|166.62|32.1|290.5|466|2017
1.0|Lamar Jordan|SR|QB|6|56|30|53.6|535|9.6|3|2|144.36|9.3|89.2|473|2017
2.0|Tevaka Tuioti|FR|QB|5|60|29|48.3|444|7.4|3|1|123.66|12.0|88.8|473|2017
3.0|Coltin Gerhart|JR|QB|5|27|16|59.3|175|6.5|1|2|111.11|5.4|35.0|473|2017
4.0|Team|||6|1|0|0.0|0|0.0|0|0|0.0|0.2|0.0|473|2017
|Total|||7|144|75|52.1|1154|8.0|7|5|128.5|20.6|164.9|473|2017
|Opponents|||7|232|136|58.6|1631|7.0|16|4|136.98|33.1|233.0|473|2017
1.0|Tyler Rogers|SR|QB|7|341|213|62.5|2495|7.3|19|13|134.69|48.7|356.4|472|2017
2.0|Conner Cramer|SR|WR|6|1|1|100.0|17|17.0|1|0|572.8|0.2|2.8|472|2017
3.0|Sy Slater|SO|DB|4|1|0|0.0|0|0.0|0|0|0.0|0.3|0.0|472|2017
4.0|Team|||6|1|0|0.0|0|0.0|0|0|0.0|0.2|0.0|472|2017
|Total|||7|344|214|62.2|2512|7.3|20|13|135.18|49.1|358.9|472|2017
|Opponents|||7|199|115|57.8|1365|6.9|9|10|120.29|28.4|195.0|472|2017
1.0|Chazz Surratt|FR|QB|7|178|104|58.4|1261|7.1|7|3|127.55|25.4|180.1|457|2017
2.0|Brandon Harris|SR|QB|6|71|35|49.3|346|4.9|1|8|72.34|11.8|57.7|457|2017
3.0|Nathan Elliott|SO|QB|1|3|0|0.0|0|0.0|0|0|0.0|3.0|0.0|457|2017
4.0|Austin Proehl|SR|WR|4|1|0|0.0|0|0.0|0|0|0.0|0.3|0.0|457|2017
5.0|Team|||3|1|0|0.0|0|0.0|0|0|0.0|0.3|0.0|457|2017
|Total|||8|254|139|54.7|1607|6.3|8|11|109.61|31.8|200.9|457|2017
|Opponents|||8|242|137|56.6|1822|7.5|18|5|140.27|30.3|227.8|457|2017
1.0|Ryan Finley|JR|QB|7|248|172|69.4|1968|7.9|11|0|150.65|35.4|281.1|490|2017
2.0|Jaylen Samuels|SR|RB|7|2|1|50.0|25|12.5|0|0|155.0|0.3|3.6|490|2017
3.0|Gavin Locklear|SR|WR|7|1|1|100.0|20|20.0|0|0|268.0|0.1|2.9|490|2017
4.0|Jalan McClendon|JR|QB|2|3|2|66.7|17|5.7|0|0|114.27|1.5|8.5|490|2017
|Total|||7|254|176|69.3|2030|8.0|11|0|150.71|36.3|290.0|490|2017
|Opponents|||7|271|156|57.6|2009|7.4|10|6|127.59|38.7|287.0|490|2017
1.0|Mason Fine|SO|QB|7|244|153|62.7|2079|8.5|16|7|150.18|34.9|297.0|497|2017
2.0|Quinn Shanbour|JR|QB|7|5|4|80.0|34|6.8|1|0|203.12|0.7|4.9|497|2017
3.0|Team|||4|3|0|0.0|0|0.0|0|0|0.0|0.8|0.0|497|2017
|Total|||7|252|157|62.3|2113|8.4|17|7|149.43|36.0|301.9|497|2017
|Opponents|||7|247|131|53.0|1934|7.8|18|3|140.43|35.3|276.3|497|2017
1.0|Daniel Santacaterina|SO|QB|5|95|61|64.2|642|6.8|6|5|131.29|19.0|128.4|503|2017
2.0|Marcus Childers|FR|QB|6|87|55|63.2|594|6.8|7|1|144.83|14.5|99.0|503|2017
3.0|Ryan Graham|JR|QB|1|38|15|39.5|190|5.0|2|1|93.58|38.0|190.0|503|2017
4.0|Christian Blake|SR|WR|7|2|1|50.0|13|6.5|0|0|104.6|0.3|1.9|503|2017
|Total|||7|222|132|59.5|1439|6.5|15|7|129.9|31.7|205.6|503|2017
|Opponents|||7|215|115|53.5|1301|6.1|6|13|101.44|30.7|185.9|503|2017
1.0|Clayton Thorson|JR|QB|7|263|158|60.1|1688|6.4|8|9|117.19|37.6|241.1|509|2017
2.0|Matt Alviti|SR|QB|3|11|7|63.6|105|9.5|1|0|173.82|3.7|35.0|509|2017
3.0|TJ Green|SO|QB|2|1|1|100.0|5|5.0|0|0|142.0|0.5|2.5|509|2017
|Total|||7|275|166|60.4|1798|6.5|9|9|119.53|39.3|256.9|509|2017
|Opponents|||7|258|148|57.4|1721|6.7|10|5|122.31|36.9|245.9|509|2017
1.0|Brandon Wimbush|JR|QB|6|151|78|51.7|902|6.0|8|2|116.67|25.2|150.3|513|2017
2.0|Ian Book|SO|QB|6|41|20|48.8|197|4.8|1|2|87.43|6.8|32.8|513|2017
3.0|Team|||3|1|0|0.0|0|0.0|0|0|0.0|0.3|0.0|513|2017
|Total|||7|193|98|50.8|1099|5.7|9|4|109.85|27.6|157.0|513|2017
|Opponents|||7|273|154|56.4|1647|6.0|12|7|116.47|39.0|235.3|513|2017
1.0|Nathan Rourke|SO|QB|8|174|97|55.7|1210|7.0|10|3|129.68|21.8|151.3|519|2017
2.0|Quinton Maxwell|SO|QB|4|24|14|58.3|220|9.2|2|2|146.16|6.0|55.0|519|2017
|Total|||8|198|111|56.1|1430|7.2|12|5|131.67|24.8|178.8|519|2017
|Opponents|||8|297|163|54.9|1912|6.4|15|7|120.92|37.1|239.0|519|2017
1.0|J.T. Barrett|SR|QB|7|207|138|66.7|1838|8.9|21|1|173.76|29.6|262.6|518|2017
2.0|Dwayne Haskins|FR|QB|5|40|28|70.0|388|9.7|3|1|171.23|8.0|77.6|518|2017
3.0|Joe Burrow|SO|QB|3|9|7|77.8|61|6.8|0|0|134.72|3.0|20.3|518|2017
4.0|Team|||4|1|0|0.0|0|0.0|0|0|0.0|0.3|0.0|518|2017
|Total|||7|257|173|67.3|2287|8.9|24|2|171.33|36.7|326.7|518|2017
|Opponents|||7|218|123|56.4|1370|6.3|8|7|114.9|31.1|195.7|518|2017
1.0|Baker Mayfield|SR|QB|7|202|149|73.8|2347|11.6|19|2|200.42|28.9|335.3|522|2017
2.0|Kyler Murray|SO|QB|4|14|13|92.9|252|18.0|2|0|291.2|3.5|63.0|522|2017
3.0|Trey Sermon|FR|RB|7|1|1|100.0|42|42.0|0|0|452.8|0.1|6.0|522|2017
4.0|Tanner Schafer|FR|QB|1|5|3|60.0|18|3.6|0|0|90.24|5.0|18.0|522|2017
5.0|Jeffery Mead|SR|WR|7|1|1|100.0|17|17.0|0|0|242.8|0.1|2.4|522|2017
|Total|||7|223|167|74.9|2676|12.0|21|2|204.98|31.9|382.3|522|2017
|Opponents|||7|208|127|61.1|1595|7.7|9|3|136.87|29.7|227.9|522|2017
1.0|Mason Rudolph|SR|QB|7|242|161|66.5|2650|11.0|19|4|181.11|34.6|378.6|521|2017
2.0|Taylor Cornelius|JR|QB|3|9|5|55.6|92|10.2|0|0|141.42|3.0|30.7|521|2017
3.0|Keondre Wudtee|FR|QB|2|3|1|33.3|7|2.3|0|0|52.93|1.5|3.5|521|2017
4.0|Jalen McCleskey|JR|WR|7|1|0|0.0|0|0.0|0|1|-200.0|0.1|0.0|521|2017
|Total|||7|255|167|65.5|2749|10.8|19|5|176.71|36.4|392.7|521|2017
|Opponents|||7|248|141|56.9|1577|6.4|4|8|109.15|35.4|225.3|521|2017
1.0|Steven Williams|FR|QB|5|137|64|46.7|683|5.0|4|9|85.09|27.4|136.6|523|2017
2.0|Blake LaRussa|SO|QB|3|48|28|58.3|358|7.5|2|3|122.23|16.0|119.3|523|2017
3.0|Jordan Hoy|SO|QB|3|19|8|42.1|73|3.8|0|0|74.38|6.3|24.3|523|2017
|Total|||7|204|100|49.0|1114|5.5|6|12|92.84|29.1|159.1|523|2017
|Opponents|||7|206|122|59.2|1599|7.8|13|4|141.37|29.4|228.4|523|2017
1.0|Justin Herbert|SO|QB|5|126|86|68.3|1264|10.0|9|2|172.92|25.2|252.8|529|2017
2.0|Braxton Burmeister|FR|QB|4|51|27|52.9|246|4.8|1|5|80.32|12.8|61.5|529|2017
3.0|Taylor Alie|SR|QB|7|25|17|68.0|125|5.0|0|1|102.0|3.6|17.9|529|2017
|Total|||8|202|130|64.4|1635|8.1|10|8|140.77|25.3|204.4|529|2017
|Opponents|||8|302|167|55.3|1990|6.6|17|8|123.93|37.8|248.8|529|2017
1.0|Jake Luton|JR|QB|4|135|83|61.5|853|6.3|4|4|118.41|33.8|213.3|528|2017
2.0|Darell Garretson|SR|QB|5|90|49|54.4|580|6.4|1|2|107.8|18.0|116.0|528|2017
3.0|Timmy Hernandez|JR|WR|7|1|1|100.0|10|10.0|0|0|184.0|0.1|1.4|528|2017
|Total|||7|226|133|58.8|1443|6.4|5|6|114.47|32.3|206.1|528|2017
|Opponents|||7|228|156|68.4|1947|8.5|21|5|166.16|32.6|278.1|528|2017
1.0|Trace McSorley|JR|QB|7|220|147|66.8|1879|8.5|14|5|155.01|31.4|268.4|539|2017
2.0|Tommy Stevens|SO|QB|5|17|9|52.9|126|7.4|1|0|134.61|3.4|25.2|539|2017
3.0|Saquon Barkley|JR|RB|7|1|1|100.0|16|16.0|1|0|564.4|0.1|2.3|539|2017
4.0|Billy Fessler|JR|QB|7|2|1|50.0|8|4.0|0|0|83.6|0.3|1.1|539|2017
|Total|||7|240|158|65.8|2029|8.5|16|5|154.67|34.3|289.9|539|2017
|Opponents|||7|227|123|54.2|1173|5.2|3|9|94.02|32.4|167.6|539|2017
1.0|Max Browne|SR|QB|6|135|96|71.1|997|7.4|5|2|142.4|22.5|166.2|545|2017
2.0|Ben DiNucci|SO|QB|7|115|63|54.8|761|6.6|3|3|113.75|16.4|108.7|545|2017
3.0|Kenny Pickett|FR|QB|2|14|6|42.9|74|5.3|0|0|87.26|7.0|37.0|545|2017
4.0|Team|||5|1|0|0.0|0|0.0|0|0|0.0|0.2|0.0|545|2017
|Total|||8|265|165|62.3|1832|6.9|8|5|126.52|33.1|229.0|545|2017
|Opponents|||8|244|141|57.8|2163|8.9|16|7|148.16|30.5|270.4|545|2017
1.0|Elijah Sindelar|SO|QB|7|148|78|52.7|907|6.1|6|5|110.8|21.1|129.6|559|2017
2.0|David Blough|JR|QB|7|105|70|66.7|745|7.1|8|4|143.79|15.0|106.4|559|2017
3.0|Jackson Anthrop|FR|WR|7|1|1|100.0|24|24.0|0|0|301.6|0.1|3.4|559|2017
|Total|||7|254|149|58.7|1676|6.6|14|9|125.18|36.3|239.4|559|2017
|Opponents|||7|195|113|57.9|1405|7.2|8|6|125.86|27.9|200.7|559|2017
1.0|Jackson Tyner|SO|QB|5|96|46|47.9|598|6.2|2|4|98.78|19.2|119.6|574|2017
2.0|Sam Glaesmann|FR|QB|4|54|25|46.3|313|5.8|2|3|96.1|13.5|78.3|574|2017
3.0|Miklo Smalls|FR|QB|2|10|5|50.0|72|7.2|0|2|70.48|5.0|36.0|574|2017
4.0|Parker Smith|SR|WR|6|1|1|100.0|17|17.0|0|0|242.8|0.2|2.8|574|2017
|Total|||7|161|77|47.8|1000|6.2|4|9|97.02|23.0|142.9|574|2017
|Opponents|||7|195|131|67.2|1651|8.5|12|2|156.56|27.9|235.9|574|2017
1.0|Kyle Bolin|SR|QB|6|133|73|54.9|711|5.3|3|6|98.22|22.2|118.5|587|2017
2.0|Giovanni Rescigno|JR|QB|4|30|16|53.3|199|6.6|1|0|120.05|7.5|49.8|587|2017
3.0|Johnathan Lewis|FR|QB|5|12|5|41.7|33|2.8|1|2|58.94|2.4|6.6|587|2017
4.0|Team|||5|2|0|0.0|0|0.0|0|0|0.0|0.4|0.0|587|2017
5.0|Hunter Hayek|FR|WR|7|1|1|100.0|-8|-8.0|0|0|32.8|0.1|-1.1|587|2017
|Total|||7|178|95|53.4|935|5.3|5|8|97.78|25.4|133.6|587|2017
|Opponents|||7|229|120|52.4|1574|6.9|12|9|119.56|32.7|224.9|587|2017
1.0|Ben Hicks|SO|QB|7|259|156|60.2|1967|7.6|17|6|141.06|37.0|281.0|663|2017
2.0|Rafe Peavey|JR|QB|3|4|4|100.0|116|29.0|1|0|426.1|1.3|38.7|663|2017
3.0|D.J. Gillins|JR|QB|4|4|1|25.0|76|19.0|1|0|267.1|1.0|19.0|663|2017
4.0|Trey Quinn|JR|WR|7|1|1|100.0|34|34.0|0|0|385.6|0.1|4.9|663|2017
5.0|Ke'Mon Freeman|SO|RB|7|1|0|0.0|0|0.0|0|0|0.0|0.1|0.0|663|2017
|Total|||7|269|162|60.2|2193|8.2|19|6|147.55|38.4|313.3|663|2017
|Opponents|||7|242|159|65.7|2012|8.3|17|7|152.93|34.6|287.4|663|2017
1.0|Christian Chapman|JR|QB|8|174|102|58.6|1285|7.4|8|1|134.67|21.8|160.6|626|2017
2.0|Ryan Agnew|SO|QB|3|5|2|40.0|30|6.0|0|0|90.4|1.7|10.0|626|2017
3.0|Team|||5|1|0|0.0|0|0.0|0|0|0.0|0.2|0.0|626|2017
|Total|||8|180|104|57.8|1315|7.3|8|1|132.71|22.5|164.4|626|2017
|Opponents|||8|189|110|58.2|1409|7.5|9|8|128.06|23.6|176.1|626|2017
1.0|Josh Love|SO|QB|7|169|92|54.4|928|5.5|5|7|102.04|24.1|132.6|630|2017
2.0|Montel Aaron|FR|QB|5|85|49|57.6|730|8.6|6|2|148.37|17.0|146.0|630|2017
3.0|Sam Allen|SO|QB|5|13|5|38.5|40|3.1|0|2|33.54|2.6|8.0|630|2017
4.0|Team|||6|1|0|0.0|0|0.0|0|0|0.0|0.2|0.0|630|2017
5.0|Malike Roberson|JR|RB|8|1|0|0.0|0|0.0|0|0|0.0|0.1|0.0|630|2017
6.0|JaQuan Blackwell|FR|WR|8|1|0|0.0|0|0.0|0|1|-200.0|0.1|0.0|630|2017
|Total|||8|270|146|54.1|1698|6.3|11|12|111.45|33.8|212.3|630|2017
|Opponents|||8|216|130|60.2|1615|7.5|14|3|141.61|27.0|201.9|630|2017
1.0|Dallas Davis|JR|QB|5|103|60|58.3|924|9.0|7|3|150.21|20.6|184.8|646|2017
2.0|Cole Garvin|JR|QB|4|87|45|51.7|503|5.8|2|3|100.98|21.8|125.8|646|2017
3.0|Evan Orth|JR|QB|2|1|0|0.0|0|0.0|0|0|0.0|0.5|0.0|646|2017
4.0|Team|||6|1|0|0.0|0|0.0|0|0|0.0|0.2|0.0|646|2017
|Total|||7|192|105|54.7|1427|7.4|9|6|126.34|27.4|203.9|646|2017
|Opponents|||7|252|158|62.7|1909|7.6|11|3|138.35|36.0|272.7|646|2017
1.0|Jake Bentley|SO|QB|7|212|129|60.8|1585|7.5|12|4|138.56|30.3|226.4|648|2017
2.0|Team|||5|2|0|0.0|0|0.0|0|0|0.0|0.4|0.0|648|2017
|Total|||7|214|129|60.3|1585|7.4|12|4|137.26|30.6|226.4|648|2017
|Opponents|||7|238|148|62.2|1626|6.8|6|6|122.86|34.0|232.3|648|2017
1.0|Quinton Flowers|SR|QB|7|172|89|51.7|1245|7.2|12|3|132.07|24.6|177.9|651|2017
2.0|Brett Kean|SO|QB|5|11|7|63.6|64|5.8|0|0|112.51|2.2|12.8|651|2017
3.0|Chris Oladokun|FR|QB|2|1|1|100.0|12|12.0|0|0|200.8|0.5|6.0|651|2017
4.0|Team|||5|1|0|0.0|0|0.0|0|0|0.0|0.2|0.0|651|2017
|Total|||7|185|97|52.4|1321|7.1|12|3|130.57|26.4|188.7|651|2017
|Opponents|||7|251|120|47.8|1496|6.0|8|16|95.64|35.9|213.7|651|2017
1.0|Kwadra Griggs|JR|QB|4|123|66|53.7|951|7.7|8|1|138.44|30.8|237.8|664|2017
2.0|Keon Howard|SO|QB|6|123|75|61.0|892|7.3|7|4|134.18|20.5|148.7|664|2017
3.0|Tez Parks|JR|RB|4|1|0|0.0|0|0.0|0|0|0.0|0.3|0.0|664|2017
|Total|||7|247|141|57.1|1843|7.5|15|5|135.76|35.3|263.3|664|2017
|Opponents|||7|213|108|50.7|1423|6.7|6|6|110.49|30.4|203.3|664|2017
1.0|Keller Chryst|SR|QB|6|111|62|55.9|821|7.4|7|3|133.39|18.5|136.8|674|2017
2.0|K.J. Costello|SO|QB|5|67|43|64.2|492|7.3|4|0|145.56|13.4|98.4|674|2017
3.0|Ryan Burns|SR|QB|5|7|5|71.4|57|8.1|1|0|186.97|1.4|11.4|674|2017
4.0|Jay Tyler|JR|WR|7|1|1|100.0|16|16.0|0|0|234.4|0.1|2.3|674|2017
|Total|||7|186|111|59.7|1386|7.5|12|3|140.34|26.6|198.0|674|2017
|Opponents|||7|217|133|61.3|1544|7.1|10|11|126.13|31.0|220.6|674|2017
1.0|Eric Dungey|JR|QB|8|334|201|60.2|2217|6.6|12|8|123.01|41.8|277.1|688|2017
2.0|Rex Culpepper|FR|QB|8|16|9|56.3|103|6.4|0|0|110.33|2.0|12.9|688|2017
3.0|Devin C. Butler|SO|WR|8|5|3|60.0|41|8.2|1|0|194.88|0.6|5.1|688|2017
4.0|Zack Mahoney|SR|QB|5|3|1|33.3|2|0.7|0|0|38.93|0.6|0.4|688|2017
|Total|||8|358|214|59.8|2363|6.6|13|8|122.74|44.8|295.4|688|2017
|Opponents|||8|274|162|59.1|1905|7.0|11|4|127.86|34.3|238.1|688|2017
1.0|Kenny Hill|SR|QB|7|208|146|70.2|1728|8.3|15|3|160.9|29.7|246.9|698|2017
2.0|Shawn Robinson|FR|QB|4|9|6|66.7|100|11.1|2|0|233.33|2.3|25.0|698|2017
3.0|KaVontae Turpin|JR|WR|7|1|1|100.0|48|48.0|1|0|833.2|0.1|6.9|698|2017
|Total|||7|218|153|70.2|1876|8.6|18|3|166.97|31.1|268.0|698|2017
|Opponents|||7|210|100|47.6|1474|7.0|8|7|112.48|30.0|210.6|698|2017
1.0|Logan Marchi|SO|QB|7|245|136|55.5|1658|6.8|9|8|117.94|35.0|236.9|690|2017
2.0|Frank Nutile|JR|QB|3|43|26|60.5|370|8.6|1|1|135.78|14.3|123.3|690|2017
3.0|Todd Centeio|FR|QB|2|2|2|100.0|20|10.0|0|0|184.0|1.0|10.0|690|2017
4.0|Team|||5|2|0|0.0|0|0.0|0|0|0.0|0.4|0.0|690|2017
5.0|Isaiah Wright|SO|WR|8|2|1|50.0|-1|-0.5|0|0|45.8|0.3|-0.1|690|2017
|Total|||8|294|165|56.1|2047|7.0|10|9|119.71|36.8|255.9|690|2017
|Opponents|||8|250|146|58.4|1764|7.1|11|5|128.19|31.3|220.5|690|2017
1.0|Quinten Dormady|JR|QB|6|137|76|55.5|925|6.8|6|6|117.88|22.8|154.2|694|2017
2.0|Jarrett Guarantano|FR|QB|5|58|32|55.2|231|4.0|1|1|90.87|11.6|46.2|694|2017
3.0|Josh Smith|SR|WR|5|1|0|0.0|0|0.0|0|0|0.0|0.2|0.0|694|2017
|Total|||7|196|108|55.1|1156|5.9|7|7|109.28|28.0|165.1|694|2017
|Opponents|||7|153|89|58.2|1107|7.2|7|3|130.12|21.9|158.1|694|2017
1.0|Sam Ehlinger|FR|QB|5|192|107|55.7|1419|7.4|6|4|123.95|38.4|283.8|703|2017
2.0|Shane Buechele|SO|QB|3|80|55|68.8|557|7.0|3|2|134.62|26.7|185.7|703|2017
3.0|Team|||6|3|0|0.0|0|0.0|0|0|0.0|0.5|0.0|703|2017
4.0|Lil'Jordan Humphrey|SO|WR|7|1|0|0.0|0|0.0|0|0|0.0|0.1|0.0|703|2017
5.0|Jerrod Heard|JR|WR|7|2|1|50.0|-5|-2.5|0|0|29.0|0.3|-0.7|703|2017
|Total|||7|278|163|58.6|1971|7.1|9|6|124.55|39.7|281.6|703|2017
|Opponents|||7|233|136|58.4|1871|8.0|10|9|132.25|33.3|267.3|703|2017
1.0|Kellen Mond|FR|QB|7|179|96|53.6|1225|6.8|7|4|119.56|25.6|175.0|697|2017
2.0|Jake Hubenak|SR|QB|2|15|12|80.0|93|6.2|0|0|132.08|7.5|46.5|697|2017
3.0|Nick Starkel|FR|QB|1|13|6|46.2|62|4.8|0|0|86.21|13.0|62.0|697|2017
|Total|||7|207|114|55.1|1380|6.7|7|4|118.37|29.6|197.1|697|2017
|Opponents|||7|234|137|58.5|1716|7.3|14|7|133.91|33.4|245.1|697|2017
1.0|Damian Williams|SR|QB|7|153|81|52.9|917|6.0|4|4|106.68|21.9|131.0|670|2017
2.0|Willie Jones III|FR|QB|5|27|16|59.3|270|10.0|0|1|135.85|5.4|54.0|670|2017
3.0|Hutch White|SO|WR|7|1|1|100.0|47|47.0|1|0|824.8|0.1|6.7|670|2017
|Total|||7|181|98|54.1|1234|6.8|5|5|115.0|25.9|176.3|670|2017
|Opponents|||7|213|134|62.9|1831|8.6|9|0|149.06|30.4|261.6|670|2017
1.0|Nic Shimonek|SR|QB|7|275|195|70.9|2341|8.5|18|5|160.38|39.3|334.4|700|2017
2.0|McLane Carter|SO|QB|2|6|6|100.0|106|17.7|2|0|358.4|3.0|53.0|700|2017
3.0|Jett Duffey|FR|QB|1|2|2|100.0|16|8.0|0|0|167.2|2.0|16.0|700|2017
|Total|||7|283|203|71.7|2463|8.7|20|5|164.63|40.4|351.9|700|2017
|Opponents|||7|283|186|65.7|2039|7.2|18|9|140.87|40.4|291.3|700|2017
1.0|Logan Woodside|SR|QB|7|215|138|64.2|2028|9.4|16|2|166.13|30.7|289.7|709|2017
2.0|Michael Julian|SR|QB|6|5|2|40.0|21|4.2|0|0|75.28|0.8|3.5|709|2017
3.0|Mitchell Guadagni|SO|QB|4|4|0|0.0|0|0.0|0|1|-50.0|1.0|0.0|709|2017
|Total|||7|224|140|62.5|2049|9.1|16|3|160.22|32.0|292.7|709|2017
|Opponents|||7|225|125|55.6|1508|6.7|11|8|120.88|32.1|215.4|709|2017
1.0|Brandon Silvers|SR|QB|7|263|167|63.5|1839|7.0|4|4|124.21|37.6|262.7|716|2017
2.0|Kaleb Barker|SO|QB|7|6|2|33.3|15|2.5|0|0|54.33|0.9|2.1|716|2017
|Total|||7|269|169|62.8|1854|6.9|4|4|122.66|38.4|264.9|716|2017
|Opponents|||7|237|143|60.3|1586|6.7|10|7|124.56|33.9|226.6|716|2017
1.0|Jonathan Banks|JR|QB|6|90|46|51.1|723|8.0|6|2|136.15|15.0|120.5|718|2017
2.0|Johnathan Brantley|SO|QB|5|17|10|58.8|101|5.9|0|1|96.96|3.4|20.2|718|2017
3.0|Khalil McClain|FR|QB|2|3|1|33.3|11|3.7|0|0|64.13|1.5|5.5|718|2017
|Total|||7|110|57|51.8|835|7.6|6|3|128.13|15.7|119.3|718|2017
|Opponents|||7|149|78|52.3|1334|9.0|10|8|138.97|21.3|190.6|718|2017
1.0|Chad President|SO|QB|8|126|71|56.3|809|6.4|2|2|112.36|15.8|101.1|719|2017
2.0|Luke Skipper|FR|QB|4|62|38|61.3|653|10.5|2|2|153.96|15.5|163.3|719|2017
3.0|Team|||4|1|0|0.0|0|0.0|0|0|0.0|0.3|0.0|719|2017
|Total|||8|189|109|57.7|1462|7.7|4|4|125.39|23.6|182.8|719|2017
|Opponents|||8|194|133|68.6|2068|10.7|13|6|174.02|24.3|258.5|719|2017
1.0|McKenzie Milton|SO|QB|6|151|105|69.5|1722|11.4|16|3|196.33|25.2|287.0|128|2017
2.0|Noah Vedral|FR|QB|4|17|15|88.2|123|7.2|0|0|149.01|4.3|30.8|128|2017
|Total|||6|168|120|71.4|1845|11.0|16|3|191.54|28.0|307.5|128|2017
|Opponents|||6|195|105|53.8|1286|6.6|8|10|112.53|32.5|214.3|128|2017
1.0|Josh Rosen|JR|QB|7|315|200|63.5|2620|8.3|19|8|148.18|45.0|374.3|110|2017
2.0|Caleb Wilson|SO|TE|5|1|1|100.0|39|39.0|0|0|427.6|0.2|7.8|110|2017
3.0|Devon Modster|FR|QB|2|3|1|33.3|5|1.7|0|0|47.33|1.5|2.5|110|2017
|Total|||7|319|202|63.3|2664|8.4|19|8|148.1|45.6|380.6|110|2017
|Opponents|||7|198|106|53.5|1334|6.7|12|4|126.09|28.3|190.6|110|2017
1.0|Armani Rogers|FR|QB|7|136|72|52.9|1063|7.8|5|4|124.84|19.4|151.9|465|2017
2.0|Kurt Palandech|SR|QB|7|19|8|42.1|48|2.5|0|2|42.28|2.7|6.9|465|2017
3.0|Team|||4|2|0|0.0|0|0.0|0|0|0.0|0.5|0.0|465|2017
4.0|Brandon Presley|SO|WR|7|1|0|0.0|0|0.0|0|0|0.0|0.1|0.0|465|2017
|Total|||7|158|80|50.6|1111|7.0|5|6|112.55|22.6|158.7|465|2017
|Opponents|||7|214|136|63.6|1757|8.2|12|5|146.34|30.6|251.0|465|2017
1.0|Sam Darnold|SO|QB|8|288|183|63.5|2292|8.0|17|10|142.93|36.0|286.5|657|2017
2.0|Matt Fink|FR|QB|2|9|6|66.7|43|4.8|0|0|106.81|4.5|21.5|657|2017
3.0|Team|||7|2|0|0.0|0|0.0|0|0|0.0|0.3|0.0|657|2017
|Total|||8|299|189|63.2|2335|7.8|17|10|140.88|37.4|291.9|657|2017
|Opponents|||8|273|146|53.5|1791|6.6|12|10|115.76|34.1|223.9|657|2017
1.0|Zack Greenlee|SR|QB|5|70|40|57.1|410|5.9|3|1|117.62|14.0|82.0|704|2017
2.0|Ryan Metz|JR|QB|5|91|45|49.5|402|4.4|1|4|81.4|18.2|80.4|704|2017
3.0|Mark Torrez|FR|QB|5|39|11|28.2|104|2.7|0|2|40.35|7.8|20.8|704|2017
4.0|Kavika Johnson|JR|WR|7|1|1|100.0|38|38.0|0|0|419.2|0.1|5.4|704|2017
|Total|||7|201|97|48.3|954|4.7|4|7|87.73|28.7|136.3|704|2017
|Opponents|||7|191|131|68.6|1594|8.3|12|4|155.24|27.3|227.7|704|2017
1.0|Dalton Sturm|SR|QB|6|155|103|66.5|1375|8.9|12|1|165.23|25.8|229.2|706|2017
2.0|Bryce Rivers|FR|QB|2|8|5|62.5|43|5.4|0|2|57.65|4.0|21.5|706|2017
3.0|Team|||5|1|0|0.0|0|0.0|0|0|0.0|0.2|0.0|706|2017
4.0|Yannis Routsas|JR|P|6|1|0|0.0|0|0.0|0|0|0.0|0.2|0.0|706|2017
|Total|||6|165|108|65.5|1418|8.6|12|3|158.01|27.5|236.3|706|2017
|Opponents|||6|150|71|47.3|1074|7.2|9|7|117.94|25.0|179.0|706|2017
1.0|Tyler Huntley|SO|QB|5|155|107|69.0|1121|7.2|6|6|134.81|31.0|224.2|732|2017
2.0|Troy Williams|SR|QB|5|85|45|52.9|631|7.4|2|3|116.0|17.0|126.2|732|2017
3.0|Demari Simpkins|SO|WR|7|3|2|66.7|19|6.3|1|0|229.87|0.4|2.7|732|2017
4.0|Darren Carrington II|SR|WR|7|1|0|0.0|0|0.0|0|0|0.0|0.1|0.0|732|2017
|Total|||7|244|154|63.1|1771|7.3|9|9|128.88|34.9|253.0|732|2017
|Opponents|||7|250|135|54.0|1524|6.1|7|10|106.45|35.7|217.7|732|2017
1.0|Kent Myers|SR|QB|8|192|121|63.0|1206|6.3|7|7|120.52|24.0|150.8|731|2017
2.0|Jordan Love|FR|QB|7|89|47|52.8|701|7.9|4|4|124.81|12.7|100.1|731|2017
3.0|Aaren Vaughns|JR|WR|7|1|1|100.0|29|29.0|1|0|673.6|0.1|4.1|731|2017
4.0|Eltoro Allen|JR|RB|8|1|0|0.0|0|0.0|0|0|0.0|0.1|0.0|731|2017
|Total|||8|283|169|59.7|1936|6.8|12|11|123.4|35.4|242.0|731|2017
|Opponents|||8|219|121|55.3|1557|7.1|11|10|122.42|27.4|194.6|731|2017
1.0|Kyle Shurmur|JR|QB|7|184|101|54.9|1331|7.2|14|2|138.6|26.3|190.1|736|2017
2.0|Deuce Wallace|FR|QB|3|22|11|50.0|94|4.3|1|0|100.89|7.3|31.3|736|2017
3.0|Shawn Stankavage|JR|QB|1|1|1|100.0|6|6.0|0|0|150.4|1.0|6.0|736|2017
|Total|||7|207|113|54.6|1431|6.9|15|2|134.64|29.6|204.4|736|2017
|Opponents|||7|182|102|56.0|1193|6.6|9|5|121.93|26.0|170.4|736|2017
1.0|Kurt Benkert|SR|QB|7|281|175|62.3|1806|6.4|15|4|131.04|40.1|258.0|746|2017
2.0|Lindell Stone|FR|QB|1|9|2|22.2|26|2.9|0|2|2.05|9.0|26.0|746|2017
3.0|Team|||4|1|0|0.0|0|0.0|0|0|0.0|0.3|0.0|746|2017
|Total|||7|291|177|60.8|1832|6.3|15|6|126.61|41.6|261.7|746|2017
|Opponents|||7|206|112|54.4|1294|6.3|9|9|112.82|29.4|184.9|746|2017
1.0|Josh Jackson|FR|QB|7|212|136|64.2|1832|8.6|16|4|157.88|30.3|261.7|742|2017
2.0|AJ Bush|JR|QB|3|11|7|63.6|99|9.0|1|0|169.24|3.7|33.0|742|2017
3.0|Oscar Bradburn|FR|P|7|1|1|100.0|1|1.0|0|0|108.4|0.1|0.1|742|2017
4.0|Team|||4|1|0|0.0|0|0.0|0|0|0.0|0.3|0.0|742|2017
5.0|Cam Phillips|SR|WR|7|1|0|0.0|0|0.0|0|0|0.0|0.1|0.0|742|2017
|Total|||7|226|144|63.7|1932|8.5|17|4|156.81|32.3|276.0|742|2017
|Opponents|||7|203|92|45.3|1308|6.4|8|6|106.54|29.0|186.9|742|2017
1.0|John Wolford|SR|QB|6|147|91|61.9|1199|8.2|10|2|150.15|24.5|199.8|749|2017
2.0|Kendall Hinton|SO|QB|3|43|25|58.1|382|8.9|4|0|163.47|14.3|127.3|749|2017
3.0|Jamie Newman|FR|QB|2|4|2|50.0|8|2.0|0|1|16.8|2.0|4.0|749|2017
4.0|Greg Dortch|FR|WR|7|1|0|0.0|0|0.0|0|0|0.0|0.1|0.0|749|2017
|Total|||7|195|118|60.5|1589|8.1|14|3|149.57|27.9|227.0|749|2017
|Opponents|||7|212|106|50.0|1253|5.9|7|6|104.88|30.3|179.0|749|2017
1.0|Jake Browning|JR|QB|7|203|139|68.5|1605|7.9|14|3|154.68|29.0|229.3|756|2017
2.0|K.J. Carta-Samuels|JR|QB|6|9|7|77.8|71|7.9|0|0|144.05|1.5|11.8|756|2017
3.0|Dante Pettis|SR|WR|7|1|1|100.0|36|36.0|0|0|402.4|0.1|5.1|756|2017
|Total|||7|213|147|69.0|1712|8.0|14|3|155.4|30.4|244.6|756|2017
|Opponents|||7|221|142|64.3|1147|5.2|3|8|105.09|31.6|163.9|756|2017
1.0|Luke Falk|SR|QB|8|339|233|68.7|2483|7.3|22|7|147.54|42.4|310.4|754|2017
2.0|Tyler Hilinski|SO|QB|6|68|46|67.6|395|5.8|3|2|125.13|11.3|65.8|754|2017
|Total|||8|407|279|68.6|2878|7.1|25|9|143.8|50.9|359.8|754|2017
|Opponents|||8|235|126|53.6|1231|5.2|5|8|97.83|29.4|153.9|754|2017
1.0|Will Grier|JR|QB|7|267|177|66.3|2467|9.2|26|5|172.3|38.1|352.4|768|2017
2.0|Chris Chugunov|SO|QB|2|16|10|62.5|81|5.1|1|0|125.66|8.0|40.5|768|2017
3.0|Team|||5|1|0|0.0|0|0.0|0|0|0.0|0.2|0.0|768|2017
|Total|||7|284|187|65.8|2548|9.0|27|5|169.06|40.6|364.0|768|2017
|Opponents|||7|232|129|55.6|1829|7.9|14|6|136.57|33.1|261.3|768|2017
1.0|Mike White|SR|QB|7|271|182|67.2|1957|7.2|12|4|139.48|38.7|279.6|772|2017
2.0|Drew Eckels|JR|QB|4|8|7|87.5|80|10.0|0|0|171.5|2.0|20.0|772|2017
3.0|Cameron Echols-Luper|SR|WR|6|1|1|100.0|39|39.0|0|0|427.6|0.2|6.5|772|2017
4.0|Nacarius Fant|SR|WR|7|1|1|100.0|26|26.0|0|0|318.4|0.1|3.7|772|2017
5.0|Steven Duncan|FR|QB|1|2|2|100.0|2|1.0|0|0|108.4|2.0|2.0|772|2017
|Total|||7|283|193|68.2|2104|7.4|12|4|141.81|40.4|300.6|772|2017
|Opponents|||7|214|121|56.5|1365|6.4|4|8|108.81|30.6|195.0|772|2017
1.0|Jon Wassink|SO|QB|8|193|124|64.2|1411|7.3|14|4|145.45|24.1|176.4|774|2017
2.0|Keishawn Watson|SO|WR|8|2|2|100.0|40|20.0|2|0|598.0|0.3|5.0|774|2017
3.0|Reece Goddard|FR|QB|4|3|2|66.7|12|4.0|0|0|100.27|0.8|3.0|774|2017
4.0|Alex Mussat|SO|QB|2|1|1|100.0|5|5.0|0|0|142.0|0.5|2.5|774|2017
5.0|Jamauri Bogan|JR|RB|8|1|1|100.0|0|0.0|0|0|100.0|0.1|0.0|774|2017
6.0|Jarvion Franklin|SR|RB|8|1|0|0.0|0|0.0|0|1|-200.0|0.1|0.0|774|2017
|Total|||8|201|130|64.7|1468|7.3|16|5|147.32|25.1|183.5|774|2017
|Opponents|||8|268|159|59.3|1943|7.3|13|7|131.02|33.5|242.9|774|2017
1.0|Alex Hornibrook|SO|QB|7|149|98|65.8|1435|9.6|13|7|166.06|21.3|205.0|796|2017
2.0|Jack Coan|FR|QB|4|1|1|100.0|6|6.0|0|0|150.4|0.3|1.5|796|2017
3.0|Team|||5|1|0|0.0|0|0.0|0|0|0.0|0.2|0.0|796|2017
|Total|||7|151|99|65.6|1441|9.5|13|7|164.86|21.6|205.9|796|2017
|Opponents|||7|219|118|53.9|1242|5.7|6|10|101.43|31.3|177.4|796|2017
1.0|Josh Allen|JR|QB|7|192|107|55.7|1216|6.3|8|6|116.43|27.4|173.7|811|2017
2.0|Nick Smith|JR|QB|2|2|1|50.0|30|15.0|0|0|176.0|1.0|15.0|811|2017
3.0|Austin Conway|SO|WR|7|1|1|100.0|2|2.0|0|0|116.8|0.1|0.3|811|2017
|Total|||7|195|109|55.9|1248|6.4|8|6|117.05|27.9|178.3|811|2017
|Opponents|||7|178|106|59.6|1214|6.8|8|9|121.56|25.4|173.4|811|2017
